{"cameraMode":{"drawMode":0,"name":"Shaded","section":"Shading Mode"},"sceneLighting":true,"audioPlay":false,"sceneViewState":{"m_AlwaysRefresh":false,"showFog":true,"showSkybox":true,"showFlares":true,"showImageEffects":true,"showParticleSystems":true,"showVisualEffectGraphs":true,"m_FxEnabled":true},"in2DMode":false,"pivot":{"x":0.14987896382808686,"y":13.996203422546387,"z":-18.524070739746095},"rotation":{"x":-0.4406333863735199,"y":0.004575262777507305,"z":-0.0022455037105828525,"w":-0.8976743221282959},"size":9.956363677978516,"orthographic":false}